{"mse": 0.6874340554237031, "r2": 0.3131678894561749}